"NodeName","ModelDetailId","RelatedType","RelatedTypeId","LowerModelTolerance%","ModelAllocation%","UpperModelTolerance%","Rank","isCustodialCash"
"AL-LE","8992","CATEGORY","null","8.2000000","41.0000000","8.2000000","Not Specified","-"
"AL-LE-LE","8991","CLASS","3","19.3200000","96.5800000","19.3200000","Not Specified","-"
"LE B","9024","SECURITYSET","51","6.5300000","32.6300000","6.5300000","Not Specified","-"
"D","-","SECURITY","414","20.0000000","100.0000000","20.0000000","Not Specified","false"
"SCHB","-","SECURITY","1761","0.0000000","0.0000000","0.0000000","Not Specified","false"
"LE G","9023","SECURITYSET","52","6.2700000","31.3700000","6.2700000","Not Specified","-"
"SEEGX","-","SECURITY","1180","20.0000000","100.0000000","20.0000000","Not Specified","false"
"LE V","9022","SECURITYSET","50","7.2000000","36.0000000","7.2000000","Not Specified","-"
"DFLVX","-","SECURITY","624","9.2000000","46.0000000","9.2000000","Not Specified","false"
"MADVX","-","SECURITY","1211","5.4000000","27.0000000","5.4000000","Not Specified","false"
"DHLRX","-","SECURITY","1260","5.4000000","27.0000000","5.4000000","Not Specified","false"
"AL-LE-REIT","8990","CLASS","19","0.6800000","3.4200000","0.6800000","Not Specified","-"
"REIT","9005","SECURITYSET","65","20.0000000","100.0000000","20.0000000","Not Specified","-"
"DFGEX","-","SECURITY","1636","20.0000000","100.0000000","20.0000000","Not Specified","false"
"AL-ME","8989","CATEGORY","2","1.8000000","9.0000000","1.8000000","Not Specified","-"
"AL-ME-ME","8988","CLASS","3","20.0000000","100.0000000","20.0000000","Not Specified","-"
"ME B","9021","SECURITYSET","48","13.8000000","69.0000000","13.8000000","Not Specified","-"
"AAPL","-","SECURITY","526","19.0000000","95.0000000","19.0000000","Not Specified","false"
"SCHM","-","SECURITY","1899","1.0000000","5.0000000","1.0000000","Not Specified","false"
"ME G","9020","SECURITYSET","49","0.0000000","0.0000000","0.0000000","Not Specified","-"
"IJK","-","SECURITY","7214","20.0000000","100.0000000","20.0000000","Not Specified","false"
"ME V","9019","SECURITYSET","47","6.2000000","31.0000000","6.2000000","Not Specified","-"
"JVMIX","-","SECURITY","1292","20.0000000","100.0000000","20.0000000","Not Specified","false"
"AL-SE","8987","CATEGORY","null","1.8000000","9.0000000","1.8000000","Not Specified","-"
"AL-SE-SE","8986","CLASS","3","20.0000000","100.0000000","20.0000000","Not Specified","-"
"SE B","9018","SECURITYSET","54","8.0000000","40.0000000","8.0000000","Not Specified","-"
"SCHA","-","SECURITY","1771","0.0000000","0.0000000","0.0000000","Not Specified","false"
"S","-","SECURITY","6415","20.0000000","100.0000000","20.0000000","Not Specified","false"
"SE V","9017","SECURITYSET","53","7.0000000","35.0000000","7.0000000","Not Specified","-"
"DFFVX","-","SECURITY","769","20.0000000","100.0000000","20.0000000","Not Specified","false"
"SE G","9016","SECURITYSET","55","5.0000000","25.0000000","5.0000000","Not Specified","-"
"VBK","-","SECURITY","976","20.0000000","100.0000000","20.0000000","Not Specified","false"
"AL-IE","8997","CATEGORY","9","4.0000000","20.0000000","4.0000000","Not Specified","-"
"AL-IE-L","8995","CLASS","4","13.4000000","67.0000000","13.4000000","Not Specified","-"
"IE-L-B","9015","SECURITYSET","56","13.0000000","65.0000000","13.0000000","Not Specified","-"
"DFIC","-","SECURITY","7579","20.0000000","100.0000000","20.0000000","Not Specified","false"
"IE-L-G","9014","SECURITYSET","57","7.0000000","35.0000000","7.0000000","Not Specified","-"
"FIVFX","-","SECURITY","4176","20.0000000","100.0000000","20.0000000","Not Specified","false"
"IE-L-V","9013","SECURITYSET","58","0.0000000","0.0000000","0.0000000","Not Specified","-"
"EFV","-","SECURITY","1058","20.0000000","100.0000000","20.0000000","Not Specified","false"
"AL-IE-S","8993","CLASS","4","2.0000000","10.0000000","2.0000000","Not Specified","-"
"IE-S-G","9012","SECURITYSET","59","20.0000000","100.0000000","20.0000000","Not Specified","-"
"RAIIX","-","SECURITY","2055","20.0000000","100.0000000","20.0000000","Not Specified","false"
"IE-S-V","9004","SECURITYSET","67","0.0000000","0.0000000","0.0000000","Not Specified","-"
"DISVX","-","SECURITY","621","20.0000000","100.0000000","20.0000000","Not Specified","false"
"IE-S-B","9003","SECURITYSET","68","0.0000000","0.0000000","0.0000000","Not Specified","-"
"DFISX","-","SECURITY","620","20.0000000","100.0000000","20.0000000","Not Specified","false"
"AL-IE-EM","8996","CLASS","35","4.0000000","20.0000000","4.0000000","Not Specified","-"
"IE-EM","9011","SECURITYSET","60","20.0000000","100.0000000","20.0000000","Not Specified","-"
"VWO","-","SECURITY","652","20.0000000","100.0000000","20.0000000","Not Specified","false"
"AL-IE-REIT","8994","CLASS","27","0.6000000","3.0000000","0.6000000","Not Specified","-"
"REIT","9006","SECURITYSET","65","20.0000000","100.0000000","20.0000000","Not Specified","-"
"DFGEX","-","SECURITY","1636","20.0000000","100.0000000","20.0000000","Not Specified","false"
"AL-FIXED","9001","CATEGORY","null","4.2000000","21.0000000","4.2000000","Not Specified","-"
"AL-FIXED-US","8998","CLASS","16","14.2800000","71.4000000","14.2800000","Not Specified","-"
"Fixed-US-Int","9010","SECURITYSET","61","15.0000000","75.0000000","15.0000000","Not Specified","-"
"MWTIX","-","SECURITY","996","11.2000000","56.0000000","11.2000000","Not Specified","false"
"DBLTX","-","SECURITY","1809","8.8000000","44.0000000","8.8000000","Not Specified","false"
"Fixed-US-Short","9009","SECURITYSET","62","5.0000000","25.0000000","5.0000000","Not Specified","-"
"JSOSX","-","SECURITY","1662","20.0000000","100.0000000","20.0000000","Not Specified","false"
"AL-FIXED-TIPS","8999","CLASS","38","2.8600000","14.3000000","2.8600000","Not Specified","-"
"Fixed-TIPS","9008","SECURITYSET","63","20.0000000","100.0000000","20.0000000","Not Specified","-"
"PRRIX","-","SECURITY","301","20.0000000","100.0000000","20.0000000","Not Specified","false"
"AL-FIXED-HEDGED","9000","CLASS","6","2.8600000","14.3000000","2.8600000","Not Specified","-"
"Fixed-Hedged","9007","SECURITYSET","64","20.0000000","100.0000000","20.0000000","Not Specified","-"
"PFORX","-","SECURITY","253","20.0000000","100.0000000","20.0000000","Not Specified","false"
"Balanced","8985","CATEGORY","null","0.0000000","0.0000000","0.0000000","Not Specified","-"
"Balanced","8984","CLASS","null","0.0000000","100.0000000","0.0000000","Not Specified","-"
"Balanced","8983","SECURITYSET","93","0.0000000","100.0000000","0.0000000","Not Specified","-"
"VFORX","-","SECURITY","1499","20.0000000","100.0000000","20.0000000","Not Specified","false"
"Cash - Position Traded","9048","CATEGORY","null","0.0000000","0.0000000","0.0000000","Not Specified","-"
"Cash - PT","9047","CLASS","null","0.0000000","100.0000000","0.0000000","0","-"
"Cash - Position Traded","9046","SECURITYSET","100","0.0000000","100.0000000","0.0000000","0","-"
"SWVXX","-","SECURITY","7467","20.0000000","100.0000000","20.0000000","Not Specified","false"
