"Symbol","AccountType","Acc.Id","Ranking","Location Priority Rank","BuyPriority","BuyPriorityLevel","isRestrictedPlan","CurrentHolding","SurplusCash","TradeCost"
"JVMIX","TAXDEF","8273","Not Specified","1","PRIORITY_BUY","SECURITYSET","false","5958.9999991","23317.9930652","0.0000000"
"JVMIX","TAXEXMPT","391","Not Specified","1","PRIORITY_BUY","SECURITYSET","false","2340.9999981","361.0897519","17.0000000"
"JVMIX","TAXEXMPT","394","Not Specified","1","PRIORITY_BUY","SECURITYSET","false","515.9999990","1010.2552987","17.0000000"
"JVMIX","TAXABLE","393","Not Specified","1","PRIORITY_BUY","SECURITYSET","false","0.0000000","41278.5943151","17.0000000"
"JVMIX","TAXDEF","392","Not Specified","1","PRIORITY_BUY","SECURITYSET","false","0.0000000","0.0000000","17.0000000"
"JVMIX","TAXDEF","395","Not Specified","1","PRIORITY_BUY","SECURITYSET","false","0.0000000","0.0000000","17.0000000"
"JAMCX","TAXABLE","393","Not Specified","1","DO_NOT_BUY","SECURITYSET","false","0.0000000","41278.5943151","0.0000000"
"FLMVX","TAXABLE","393","Not Specified","1","DO_NOT_BUY","SECURITYSET","false","0.0000000","41278.5943151","17.0000000"
"JAMCX","TAXDEF","8273","Not Specified","1","DO_NOT_BUY","SECURITYSET","false","0.0000000","23317.9930652","0.0000000"
"FLMVX","TAXDEF","8273","Not Specified","1","DO_NOT_BUY","SECURITYSET","false","0.0000000","23317.9930652","0.0000000"
"JAMCX","TAXEXMPT","394","Not Specified","1","DO_NOT_BUY","SECURITYSET","false","0.0000000","1010.2552987","0.0000000"
"FLMVX","TAXEXMPT","394","Not Specified","1","DO_NOT_BUY","SECURITYSET","false","0.0000000","1010.2552987","17.0000000"
"JAMCX","TAXEXMPT","391","Not Specified","1","DO_NOT_BUY","SECURITYSET","false","0.0000000","361.0897519","0.0000000"
"FLMVX","TAXEXMPT","391","Not Specified","1","DO_NOT_BUY","SECURITYSET","false","0.0000000","361.0897519","17.0000000"
"JAMCX","TAXDEF","392","Not Specified","1","DO_NOT_BUY","SECURITYSET","false","0.0000000","0.0000000","0.0000000"
"JAMCX","TAXDEF","395","Not Specified","1","DO_NOT_BUY","SECURITYSET","false","0.0000000","0.0000000","0.0000000"
"FLMVX","TAXDEF","392","Not Specified","1","DO_NOT_BUY","SECURITYSET","false","0.0000000","0.0000000","17.0000000"
"FLMVX","TAXDEF","395","Not Specified","1","DO_NOT_BUY","SECURITYSET","false","0.0000000","0.0000000","17.0000000"
