"Symbol","AccountType","Acc.Id","Ranking","Location Priority Rank","BuyPriority","BuyPriorityLevel","isRestrictedPlan","CurrentHolding","SurplusCash","TradeCost"
"S","TAXDEF","8273","Not Specified","1","CAN_BUY","DEFAULT","false","13031.2500000","4425.1328208","0.0000000"
"S","TAXEXMPT","391","Not Specified","1","CAN_BUY","DEFAULT","false","11625.0000000","361.0897519","5.0000000"
"S","TAXABLE","393","Not Specified","1","CAN_BUY","DEFAULT","false","0.0000000","30208.4048530","5.0000000"
"S","TAXDEF","392","Not Specified","1","CAN_BUY","DEFAULT","false","0.0000000","0.0000000","5.0000000"
"S","TAXDEF","395","Not Specified","1","CAN_BUY","DEFAULT","false","0.0000000","0.0000000","5.0000000"
"S","TAXEXMPT","394","Not Specified","1","CAN_BUY","DEFAULT","false","0.0000000","0.0000000","5.0000000"
