"Symbol","AccountType","Acc.Id","Ranking","Location Priority Rank","BuyPriority","BuyPriorityLevel","isRestrictedPlan","CurrentHolding","SurplusCash","TradeCost"
"JSOSX","TAXEXMPT","394","Not Specified","1","PRIORITY_BUY","SECURITYSET","false","25147.7497238","1010.2552987","17.0000000"
"JSOSX","TAXABLE","393","Not Specified","1","PRIORITY_BUY","SECURITYSET","false","0.0000000","41278.5943151","17.0000000"
"JSOSX","TAXDEF","8273","Not Specified","1","PRIORITY_BUY","SECURITYSET","false","0.0000000","4425.1328208","0.0000000"
"JSOSX","TAXEXMPT","391","Not Specified","1","PRIORITY_BUY","SECURITYSET","false","0.0000000","361.0897519","17.0000000"
"JSOSX","TAXDEF","392","Not Specified","1","PRIORITY_BUY","SECURITYSET","false","0.0000000","0.0000000","17.0000000"
"JSOSX","TAXDEF","395","Not Specified","1","PRIORITY_BUY","SECURITYSET","false","0.0000000","0.0000000","17.0000000"
