"Potential Buy(Primary Security)","RebalLevelNodeRank","RebalLevelNodeOOTAmount","BuyPriority","CurrentValue"
"SEEGX","Not Specified","$11449.0959593","PRIORITY_BUY","$111918.1970600"
"DFLVX","Not Specified","$10823.0054425","BUY_TO_TARGET","$54301.7115610"
"RAIIX","Not Specified","$3547.8317514","PRIORITY_BUY","$16315.1505000"
"MADVX","Not Specified","$3007.5588387","BUY_TO_TARGET","$35217.8185329"
"PFORX","Not Specified","$2853.6320604","PRIORITY_BUY","$26970.6357900"
"MWTIX","Not Specified","$2759.1124088","PRIORITY_BUY","$59784.2543253"
"DBLTX","Not Specified","$2167.8740355","PRIORITY_BUY","$46973.3426842"
"DFGEX","Not Specified","$1652.3251305","PRIORITY_BUY","$12273.6117259"
"AAPL","Not Specified","$1313.5118959","CAN_BUY","$57277.3200000"
"VWO","Not Specified","$1032.6645027","CAN_BUY","$38693.3000000"
"PRRIX","Not Specified","$906.8809636","PRIORITY_BUY","$28917.3868868"
"DFGEX","Not Specified","$707.0273613","PRIORITY_BUY","$5251.8673141"
"DFFVX","Not Specified","$273.7726259","PRIORITY_BUY","$31010.4244200"
"VBK","Not Specified","$99.9150328","PRIORITY_BUY","$22245.9400000"
