"AccountId","OrionConnectAccountId","AccountNumber","allowShort TermGain","cashNeed","Tax.CashMin","Tax.CashMid","Tax.CashMax","TE.CashMin","TE.CashMid","TE.CashMax","TD.CashMin","TD.CashMid","TD.CashMax","CashPercentOf","cashTr.Tol","rsrvCashTax.","rsrvCashTE","rsrvCashTD","rsrvCash BillingAccount","ReserveCashReplenish","EnsureCashInTolerance","ReserveCashBillingPercentOf","TransactionCostIncludedOrAddedToTrade","RaiseCashIncludeTargetCash"
"8273","14217","XXXXX-01K2","ALLOW","MID","0.0000000%","0.0000000%","0.4000000%","0.0000000%","0.0000000%","0.4000000%","0.0000000%","0.0000000%","0.4000000%","ACCOUNT","20.0000000%","$0.0000000","$0.0000000","$2010.8251520","$0.0000000","true","true","ACCOUNT","true","false"
"391","573","XXXXX-6944","ALLOW","MID","0.0000000%","0.0000000%","0.4000000%","0.0000000%","0.0000000%","0.4000000%","0.0000000%","0.0000000%","0.4000000%","ACCOUNT","20.0000000%","$0.0000000","$0.0000000","$0.0000000","$0.0000000","true","true","ACCOUNT","true","false"
"392","574","XXXXX-6543","ALLOW","MID","0.0000000%","0.0000000%","0.4000000%","0.0000000%","0.0000000%","0.4000000%","0.0000000%","0.0000000%","0.4000000%","ACCOUNT","20.0000000%","$0.0000000","$0.0000000","$0.0000000","$0.0000000","true","true","ACCOUNT","true","false"
"393","575","XXXXX-4696","ALLOW","MID","0.0000000%","0.0000000%","0.0000000%","0.0000000%","0.0000000%","0.0000000%","0.0000000%","0.0000000%","0.0000000%","ACCOUNT","20.0000000%","$1486.9926561","$0.0000000","$0.0000000","$0.0000000","false","true","ACCOUNT","true","false"
"394","576","XXXXX-1494","ALLOW","MID","0.0000000%","0.0000000%","0.4000000%","0.0000000%","0.0000000%","0.4000000%","0.0000000%","0.0000000%","0.4000000%","ACCOUNT","20.0000000%","$0.0000000","$0.0000000","$0.0000000","$0.0000000","true","true","ACCOUNT","true","false"
"395","577","XXXXX-9655","ALLOW","MID","0.0000000%","0.0000000%","0.4000000%","0.0000000%","0.0000000%","0.4000000%","0.0000000%","0.0000000%","0.4000000%","ACCOUNT","20.0000000%","$0.0000000","$0.0000000","$0.0000000","$0.0000000","true","true","ACCOUNT","true","false"
