"PortfolioId","AccountId","OrionConnectAccountId","AccountNumber","AccountType","SecuritySymbol","SecurityType","PricePerUnit","Action","TradeAmount","Shares","TaxLotId","TaxLotType","AmountTraded","AcquiredPricePerUnit","TaxlotNotes"
"453","393","575","XXXXX-4696","TAXABLE","BEXIX","MUTUAL_FUND","$13.2500000","SELL","$18183.8760000","1372.3680000","","","",""
"","","","","","","","","","","","1536943","ORIGINAL","470.8387500","12.0929000",""
"","","","","","","","","","","","1536942","ORIGINAL","17713.0372500","11.4366000",""
"453","393","575","XXXXX-4696","TAXABLE","DISSX","MUTUAL_FUND","$23.9900000","SELL","$19120.6057600","797.0240000","","","",""
"","","","","","","","","","","","645454","ORIGINAL","19120.6057600","18.8200000",""
"453","393","575","XXXXX-4696","TAXABLE","PREIX","MUTUAL_FUND","$108.4400000","SELL","$26205.2850800","241.6570000","","","",""
"","","","","","","","","","","","1091096","ORIGINAL","26205.2850800","66.1399000",""
