"Symbol","AccountType","Acc.Id","Ranking","Location Priority Rank","BuyPriority","BuyPriorityLevel","isRestrictedPlan","CurrentHolding","SurplusCash","TradeCost"
"D","TAXABLE","393","Not Specified","1","CAN_BUY","DEFAULT","false","0.0000000","169601.0288455","5.0000000"
"D","TAXDEF","8273","Not Specified","1","CAN_BUY","DEFAULT","false","0.0000000","23317.9930652","0.0000000"
"D","TAXEXMPT","394","Not Specified","1","CAN_BUY","DEFAULT","false","0.0000000","1010.2552987","5.0000000"
"D","TAXEXMPT","391","Not Specified","1","CAN_BUY","DEFAULT","false","0.0000000","361.0897519","5.0000000"
"D","TAXDEF","392","Not Specified","1","CAN_BUY","DEFAULT","false","0.0000000","0.0000000","5.0000000"
"D","TAXDEF","395","Not Specified","1","CAN_BUY","DEFAULT","false","0.0000000","0.0000000","5.0000000"
