"AccountId","OrionConnectAccountId","RestrictedPlanId","RestrictedPlanName","SecurityId","SecuritySymbol","DoNotBuyGroupEquivalency","BuyPriority","SellPriority"
"395","577","1","ABBOTT401K","3127","H67043623","true","NOT_GIVEN","NOT_GIVEN"
"395","577","1","ABBOTT401K","3109","H67044770","true","NOT_GIVEN","NOT_GIVEN"
"395","577","1","ABBOTT401K","3048","H67043620","true","NOT_GIVEN","NOT_GIVEN"
"395","577","1","ABBOTT401K","228","ABT","true","NOT_GIVEN","NOT_GIVEN"
"395","577","1","ABBOTT401K","3131","BAA-67044039","true","NOT_GIVEN","NOT_GIVEN"
"395","577","1","ABBOTT401K","3051","H67043625","true","NOT_GIVEN","NOT_GIVEN"
