"Potential Buy(Primary Security)","RebalLevelNodeRank","RebalLevelNodeOOTAmount","BuyPriority","CurrentValue"
"MADVX","Not Specified","$3007.5588387","BUY_TO_TARGET","$35217.8185329"
"PFORX","Not Specified","$2853.6320604","PRIORITY_BUY","$26970.6357900"
"MWTIX","Not Specified","$2759.1124088","PRIORITY_BUY","$59784.2543253"
"DBLTX","Not Specified","$2167.8740355","PRIORITY_BUY","$46973.3426842"
"RAIIX","Not Specified","$1922.4237799","PRIORITY_BUY","$17940.5584715"
"DFGEX","Not Specified","$1652.3251305","PRIORITY_BUY","$12273.6117259"
"AAPL","Not Specified","$1313.5118959","CAN_BUY","$57277.3200000"
"VWO","Not Specified","$1032.6645027","CAN_BUY","$38693.3000000"
"PRRIX","Not Specified","$906.8809636","PRIORITY_BUY","$28917.3868868"
"DFGEX","Not Specified","$707.0273613","PRIORITY_BUY","$5251.8673141"
"DFFVX","Not Specified","$273.7726259","PRIORITY_BUY","$31010.4244200"
"S","Not Specified","$128.3680524","CAN_BUY","$35625.0000000"
"D","Not Specified","$107.2345304","CAN_BUY","$128215.2000000"
"VBK","Not Specified","$99.9150328","PRIORITY_BUY","$22245.9400000"
